{
  "AC": ["Rio Branco", "Cruzeiro do Sul", "Sena Madureira"],
  "AL": ["Maceió", "Rio Largo", "Arapiraca"],
  "AP": ["Macapá", "Santana", "Oiapoque"],
  "AM": ["Manaus", "Parintins", "Itacoatiara"],
  "BA": ["Salvador", "Feira de Santana", "Vitória da Conquista", "Camaçari", "Ilhéus"],
  "CE": ["Fortaleza", "Caucaia", "Juazeiro do Norte", "Maracanaú", "Sobral"],
  "DF": ["Brasília"],
  "ES": ["Vitória", "Vila Velha", "Serra", "Cariacica"],
  "GO": ["Goiânia", "Anápolis", "Aparecida de Goiânia", "Rio Verde"],
  "MA": ["São Luís", "Imperatriz", "Caxias", "Timon"],
  "MT": ["Cuiabá", "Várzea Grande", "Rondonópolis", "Sinop"],
  "MS": ["Campo Grande", "Dourados", "Três Lagoas", "Corumbá"],
  "MG": ["Belo Horizonte", "Uberlândia", "Contagem", "Juiz de Fora", "Betim", "Montes Claros", "Maringá"],
  "PA": ["Belém", "Ananindeua", "Santarém", "Marabá", "Parauapebas"],
  "PB": ["João Pessoa", "Campina Grande", "Patos", "Guarabira"],
  "PR": ["Curitiba", "Londrina", "Maringá", "Ponta Grossa", "Cascavel", "São José dos Pinhais", "Foz do Iguaçu"],
  "PE": ["Recife", "Jaboatão dos Guararapes", "Olinda", "Caruaru", "Petrolina"],
  "PI": ["Teresina", "Parnaíba", "Picos", "Piripiri"],
  "RJ": ["Rio de Janeiro", "Niterói", "Petrópolis", "Duque de Caxias", "São Gonçalo", "Nova Iguaçu"],
  "RN": ["Natal", "Mossoró", "Parnamirim", "Macaíba"],
  "RS": ["Porto Alegre", "Caxias do Sul", "Pelotas", "Santa Maria", "Gravataí"],
  "RO": ["Porto Velho", "Ji-Paraná", "Ariquemes", "Vilhena"],
  "RR": ["Boa Vista", "Rorainópolis", "Caracaraí"],
  "SC": ["Florianópolis", "Joinville", "Blumenau", "Itajaí", "Chapecó"],
  "SP": ["São Paulo", "Campinas", "Santos", "Ribeirão Preto", "Sorocaba", "Jundiaí", "Piracicaba", "Franca"],
  "SE": ["Aracaju", "Lagarto", "Nossa Senhora do Socorro"],
  "TO": ["Palmas", "Araguaína", "Gurupi"]
}
